<?xml version="1.0" encoding="UTF-8"?>
<root>
  <item name="com.lfq.pulltorefresh.library.sideslip.SwipeMenu int getOrientation()">
    <annotation name="android.support.annotation.IntDef">
      <val name="value" val="{com.lfq.pulltorefresh.library.sideslip.SwipeMenu.HORIZONTAL, com.lfq.pulltorefresh.library.sideslip.SwipeMenu.VERTICAL}" />
    </annotation>
  </item>
  <item name="com.lfq.pulltorefresh.library.sideslip.SwipeMenu void setOrientation(int) 0">
    <annotation name="android.support.annotation.IntDef">
      <val name="value" val="{com.lfq.pulltorefresh.library.sideslip.SwipeMenu.HORIZONTAL, com.lfq.pulltorefresh.library.sideslip.SwipeMenu.VERTICAL}" />
    </annotation>
  </item>
  <item name="com.lfq.pulltorefresh.library.sideslip.SwipeMenu.OrientationMode">
    <annotation name="android.support.annotation.IntDef">
      <val name="value" val="{com.lfq.pulltorefresh.library.sideslip.SwipeMenu.HORIZONTAL, com.lfq.pulltorefresh.library.sideslip.SwipeMenu.VERTICAL}" />
    </annotation>
  </item>
  <item name="com.lfq.pulltorefresh.library.sideslip.SwipeMenuRecyclerView.DirectionMode">
    <annotation name="android.support.annotation.IntDef">
      <val name="value" val="{com.lfq.pulltorefresh.library.sideslip.SwipeMenuRecyclerView.LEFT_DIRECTION, com.lfq.pulltorefresh.library.sideslip.SwipeMenuRecyclerView.RIGHT_DIRECTION}" />
    </annotation>
  </item>
</root>

